--PODACI ZA PREDMETE 
INSERT INTO PREDMET (SIFRA, NAZIV, SEMESTAR, KATEDRA) VALUES 

('CS101', 'Uvod u programiranje', 1, 'Računarstvo'); 

  

INSERT INTO PREDMET (SIFRA, NAZIV, SEMESTAR, KATEDRA) VALUES 

('CS102', 'Osnove baza podataka', 2, 'Računarstvo'); 

  

INSERT INTO PREDMET (SIFRA, NAZIV, SEMESTAR, KATEDRA) VALUES 

('CS103', 'Algoritmi i strukture podataka', 2, 'Računarstvo'); 

  

INSERT INTO PREDMET (SIFRA, NAZIV, SEMESTAR, KATEDRA) VALUES 

('CS104', 'Web programiranje', 3, 'Računarstvo'); 

  

INSERT INTO PREDMET (SIFRA, NAZIV, SEMESTAR, KATEDRA) VALUES 

('CS105', 'Baze podataka', 3, 'Računarstvo'); 

  

INSERT INTO PREDMET (SIFRA, NAZIV, SEMESTAR, KATEDRA) VALUES 

('CS106', 'Operativni sistemi', 4, 'Računarstvo'); 

  

INSERT INTO PREDMET (SIFRA, NAZIV, SEMESTAR, KATEDRA) VALUES 

('CS107', 'Osnove veštačke inteligencije', 4, 'Računarstvo'); 

  

INSERT INTO PREDMET (SIFRA, NAZIV, SEMESTAR, KATEDRA) VALUES 

('CS108', 'Softversko inženjerstvo', 5, 'Računarstvo'); 

  

INSERT INTO PREDMET (SIFRA, NAZIV, SEMESTAR, KATEDRA) VALUES 

('CS109', 'Napredno programiranje', 5, 'Računarstvo'); 

  

INSERT INTO PREDMET (SIFRA, NAZIV, SEMESTAR, KATEDRA) VALUES 

('CS110', 'Mreže računara', 6, 'Računarstvo'); 

  

INSERT INTO PREDMET (SIFRA, NAZIV, SEMESTAR, KATEDRA) VALUES 

('CS111', 'Blokčejn tehnologije', 6, 'Računarstvo'); 

  

INSERT INTO PREDMET (SIFRA, NAZIV, SEMESTAR, KATEDRA) VALUES 

('CS112', 'Umetna inteligencija', 7, 'Računarstvo'); 

  

INSERT INTO PREDMET (SIFRA, NAZIV, SEMESTAR, KATEDRA) VALUES 

('CS113', 'Razvoj softvera', 7, 'Računarstvo'); 

  

INSERT INTO PREDMET (SIFRA, NAZIV, SEMESTAR, KATEDRA) VALUES 

('CS114', 'Računarske mreže', 8, 'Računarstvo'); 

  

INSERT INTO PREDMET (SIFRA, NAZIV, SEMESTAR, KATEDRA) VALUES 

('CS115', 'Napredne baze podataka', 8, 'Računarstvo'); 

 

--PODACI ZA NASTAVNIKE 

INSERT INTO PRED_NAST (S_PREDMETA, IME_NASTAVNIKA) VALUES ('CS101', 'Marko Petrović'); 

INSERT INTO PRED_NAST (S_PREDMETA, IME_NASTAVNIKA) VALUES ('CS102', 'Jelena Jovanović'); 

INSERT INTO PRED_NAST (S_PREDMETA, IME_NASTAVNIKA) VALUES ('CS103', 'Ivan Nikolić');  

INSERT INTO PRED_NAST (S_PREDMETA, IME_NASTAVNIKA) VALUES ('CS104', 'Ana Đorđević'); 

INSERT INTO PRED_NAST (S_PREDMETA, IME_NASTAVNIKA) VALUES ('CS105', 'Milan Stojanović');  

INSERT INTO PRED_NAST (S_PREDMETA, IME_NASTAVNIKA) VALUES ('CS106', 'Bojan Popović'); 

INSERT INTO PRED_NAST (S_PREDMETA, IME_NASTAVNIKA) VALUES ('CS107', 'Tamara Simić'); 

INSERT INTO PRED_NAST (S_PREDMETA, IME_NASTAVNIKA) VALUES ('CS108', 'Stefan Đorđević'); 

INSERT INTO PRED_NAST (S_PREDMETA, IME_NASTAVNIKA) VALUES ('CS109', 'Marta Pavlović');  

INSERT INTO PRED_NAST (S_PREDMETA, IME_NASTAVNIKA) VALUES ('CS110', 'Nikola Janković');  

INSERT INTO PRED_NAST (S_PREDMETA, IME_NASTAVNIKA) VALUES ('CS111', 'Ana Stanković');  

INSERT INTO PRED_NAST (S_PREDMETA, IME_NASTAVNIKA) VALUES ('CS112', 'Luka Milošević');  

INSERT INTO PRED_NAST (S_PREDMETA, IME_NASTAVNIKA) VALUES ('CS113', 'Jovana Tomić');  

INSERT INTO PRED_NAST (S_PREDMETA, IME_NASTAVNIKA) VALUES ('CS114', 'Vladimir Stevanović'); 

INSERT INTO PRED_NAST (S_PREDMETA, IME_NASTAVNIKA) VALUES ('CS115', 'Milica Ristić');  

INSERT INTO PRED_NAST (S_PREDMETA, IME_NASTAVNIKA) VALUES ('CS101', 'Filip Petrović');  

INSERT INTO PRED_NAST (S_PREDMETA, IME_NASTAVNIKA) VALUES ('CS102', 'Jovana Milić');  

INSERT INTO PRED_NAST (S_PREDMETA, IME_NASTAVNIKA) VALUES ('CS103', 'Nemanja Simić');  

INSERT INTO PRED_NAST (S_PREDMETA, IME_NASTAVNIKA) VALUES ('CS104', 'Ana Popović');  

INSERT INTO PRED_NAST (S_PREDMETA, IME_NASTAVNIKA) VALUES ('CS105', 'Milan Jovanović');  

INSERT INTO PRED_NAST (S_PREDMETA, IME_NASTAVNIKA) VALUES ('CS106', 'Bojana Stojanović');  

INSERT INTO PRED_NAST (S_PREDMETA, IME_NASTAVNIKA) VALUES ('CS107', 'Tamara Đorđević');  

INSERT INTO PRED_NAST (S_PREDMETA, IME_NASTAVNIKA) VALUES ('CS108', 'Stefan Nikolić');  

INSERT INTO PRED_NAST (S_PREDMETA, IME_NASTAVNIKA) VALUES ('CS109', 'Marta Simić');  

INSERT INTO PRED_NAST (S_PREDMETA, IME_NASTAVNIKA) VALUES ('CS110', 'Nikola Stojanović');  

INSERT INTO PRED_NAST (S_PREDMETA, IME_NASTAVNIKA) VALUES ('CS111', 'Ana Janković');  

INSERT INTO PRED_NAST (S_PREDMETA, IME_NASTAVNIKA) VALUES ('CS112', 'Luka Petrović');  

INSERT INTO PRED_NAST (S_PREDMETA, IME_NASTAVNIKA) VALUES ('CS113', 'Jovana Đorđević');  

INSERT INTO PRED_NAST (S_PREDMETA, IME_NASTAVNIKA) VALUES ('CS114', 'Vladimir Jovanović');  

INSERT INTO PRED_NAST (S_PREDMETA, IME_NASTAVNIKA) VALUES ('CS115', 'Milica Petrović'); 

 

--PODACI ZA STUDENTE 

INSERT INTO STUDENT (BR_INDEKSA, LIME, IME_RODITELJA, PREZIME, SMER) VALUES ('18001', 'Filip', 'Petar', 'Petrović', 'Računarstvo'); 

  

INSERT INTO STUDENT (BR_INDEKSA, LIME, IME_RODITELJA, PREZIME, SMER) VALUES ('18002', 'Jovana', 'Milica', 'Milić', 'Informatika'); 

  

INSERT INTO STUDENT (BR_INDEKSA, LIME, IME_RODITELJA, PREZIME, SMER) VALUES ('18003', 'Nemanja', 'Simić', 'Simić', 'Računarstvo'); 

  

INSERT INTO STUDENT (BR_INDEKSA, LIME, IME_RODITELJA, PREZIME, SMER) VALUES ('18004', 'Ana', 'Pero', 'Popović', 'Informatika'); 

  

INSERT INTO STUDENT (BR_INDEKSA, LIME, IME_RODITELJA, PREZIME, SMER) VALUES ('18005', 'Milan', 'Jovana', 'Jovanović', 'Računarstvo'); 

  

INSERT INTO STUDENT (BR_INDEKSA, LIME, IME_RODITELJA, PREZIME, SMER) VALUES ('18006', 'Bojana', 'Stojan', 'Stojanović', 'Informatika'); 

  

INSERT INTO STUDENT (BR_INDEKSA, LIME, IME_RODITELJA, PREZIME, SMER) VALUES ('18007', 'Tamara', 'Đorđe', 'Đorđević', 'Računarstvo'); 

  

INSERT INTO STUDENT (BR_INDEKSA, LIME, IME_RODITELJA, PREZIME, SMER) VALUES ('18008', 'Stefan', 'Nikola', 'Nikolić', 'Informatika'); 

  

INSERT INTO STUDENT (BR_INDEKSA, LIME, IME_RODITELJA, PREZIME, SMER) VALUES ('18009', 'Marta', 'Milan', 'Simić', 'Računarstvo'); 

  

INSERT INTO STUDENT (BR_INDEKSA, LIME, IME_RODITELJA, PREZIME, SMER) VALUES ('18010', 'Nikola', 'Petar', 'Stojanović', 'Informatika'); 

  

INSERT INTO STUDENT (BR_INDEKSA, LIME, IME_RODITELJA, PREZIME, SMER) VALUES ('18011', 'Ana', 'Ivan', 'Ivanović', 'Informatika'); 

  

INSERT INTO STUDENT (BR_INDEKSA, LIME, IME_RODITELJA, PREZIME, SMER) VALUES ('18012', 'Luka', 'Milan', 'Milošević', 'Računarstvo'); 

  

INSERT INTO STUDENT (BR_INDEKSA, LIME, IME_RODITELJA, PREZIME, SMER) VALUES ('18013', 'Jovana', 'Stefan', 'Stefanović', 'Informatika'); 

  

INSERT INTO STUDENT (BR_INDEKSA, LIME, IME_RODITELJA, PREZIME, SMER) VALUES ('18014', 'Vladimir', 'Nikola', 'Nikolić', 'Računarstvo'); 

  

INSERT INTO STUDENT (BR_INDEKSA, LIME, IME_RODITELJA, PREZIME, SMER) VALUES ('18015', 'Milica', 'Pero', 'Perić', 'Informatika'); 

  

INSERT INTO STUDENT (BR_INDEKSA, LIME, IME_RODITELJA, PREZIME, SMER) VALUES ('18016', 'Milan', 'Ivan', 'Ivanović', 'Informatika'); 

  

INSERT INTO STUDENT (BR_INDEKSA, LIME, IME_RODITELJA, PREZIME, SMER) VALUES ('18017', 'Bojana', 'Petar', 'Petrović', 'Računarstvo'); 

  

INSERT INTO STUDENT (BR_INDEKSA, LIME, IME_RODITELJA, PREZIME, SMER) VALUES ('18018', 'Tamara', 'Jovan', 'Jovanović', 'Informatika'); 

  

INSERT INTO STUDENT (BR_INDEKSA, LIME, IME_RODITELJA, PREZIME, SMER) VALUES ('18019', 'Stefan', 'Miloš', 'Milošević', 'Računarstvo'); 

  

INSERT INTO STUDENT (BR_INDEKSA, LIME, IME_RODITELJA, PREZIME, SMER) VALUES ('18020', 'Marta', 'Nikola', 'Nikolić', 'Informatika'); 

  

INSERT INTO STUDENT (BR_INDEKSA, LIME, IME_RODITELJA, PREZIME, SMER) VALUES ('18021', 'Nina', 'Stefan', 'Stefanović', 'Računarstvo'); 

  

INSERT INTO STUDENT (BR_INDEKSA, LIME, IME_RODITELJA, PREZIME, SMER) VALUES ('18022', 'Aleksandar', 'Nikola', 'Nikolić', 'Informatika'); 

  

INSERT INTO STUDENT (BR_INDEKSA, LIME, IME_RODITELJA, PREZIME, SMER) VALUES ('18023', 'Jovanka', 'Milan', 'Milošević', 'Računarstvo'); 

  

INSERT INTO STUDENT (BR_INDEKSA, LIME, IME_RODITELJA, PREZIME, SMER) VALUES ('18024', 'Petar', 'Ivan', 'Ivanović', 'Informatika'); 

  

INSERT INTO STUDENT (BR_INDEKSA, LIME, IME_RODITELJA, PREZIME, SMER) VALUES ('18025', 'Marija', 'Bojan', 'Bojanović', 'Računarstvo'); 

  

INSERT INTO STUDENT (BR_INDEKSA, LIME, IME_RODITELJA, PREZIME, SMER) VALUES ('18026', 'Luka', 'Stefan', 'Stefanović', 'Računarstvo'); 

  

INSERT INTO STUDENT (BR_INDEKSA, LIME, IME_RODITELJA, PREZIME, SMER) VALUES ('18027', 'Ivana', 'Petar', 'Petrović', 'Informatika'); 

  

INSERT INTO STUDENT (BR_INDEKSA, LIME, IME_RODITELJA, PREZIME, SMER) VALUES ('18028', 'Miloš', 'Ana', 'Anić', 'Računarstvo'); 

  

INSERT INTO STUDENT (BR_INDEKSA, LIME, IME_RODITELJA, PREZIME, SMER) VALUES ('18029', 'Sara', 'Milan', 'Milić', 'Informatika'); 

  

INSERT INTO STUDENT (BR_INDEKSA, LIME, IME_RODITELJA, PREZIME, SMER) VALUES ('18030', 'Stefan', 'Jovan', 'Jovanović', 'Računarstvo'); 

  

INSERT INTO STUDENT (BR_INDEKSA, LIME, IME_RODITELJA, PREZIME, SMER) VALUES ('18031', 'Nina', 'Đorđe', 'Đorđević', 'Informatika'); 

  

INSERT INTO STUDENT (BR_INDEKSA, LIME, IME_RODITELJA, PREZIME, SMER) VALUES ('18032', 'Jovan', 'Nikola', 'Nikolić', 'Računarstvo'); 

  

INSERT INTO STUDENT (BR_INDEKSA, LIME, IME_RODITELJA, PREZIME, SMER) VALUES ('18033', 'Ivana', 'Miloš', 'Milošević', 'Informatika'); 

 

 

--PODACI ZA IZVESTAJE 

INSERT INTO IZVESTAJ (ID, OPIS, DATUM_PREDAJE) VALUES  

(0, 'Analiza efikasnosti algoritma sortiranja u programu za obradu podataka u okviru kursa Uvod u programiranje.', '15-Mar-2024'); 

  

INSERT INTO IZVESTAJ (ID, OPIS, DATUM_PREDAJE) VALUES  

(1, 'Dizajniranje baze podataka za aplikaciju za e-trgovinu sa naglaskom na upravljanje inventarom i narudžbinama.', '02-Apr-2024'); 

  

INSERT INTO IZVESTAJ (ID, OPIS, DATUM_PREDAJE) VALUES  

(2, 'Poređenje performansi algoritama pretrage stabala podataka poput B-stabala i AVL-stabala.', '10-Apr-2024'); 

  

INSERT INTO IZVESTAJ (ID, OPIS, DATUM_PREDAJE) VALUES  

(3, 'Analiza efikasnosti tehnika kompresije podataka na velikim setovima podataka.', '20-Apr-2024'); 

  

INSERT INTO IZVESTAJ (ID, OPIS, DATUM_PREDAJE) VALUES  

(4, 'Implementacija algoritma za otkrivanje prevara u finansijskim transakcijama za bankarski softver.', '25-Apr-2024'); 

  

INSERT INTO IZVESTAJ (ID, OPIS, DATUM_PREDAJE) VALUES  

(5, 'Procena ranjivosti web aplikacije u okviru razvoja projekta Web programiranje.', '05-May-2024'); 

  

INSERT INTO IZVESTAJ (ID, OPIS, DATUM_PREDAJE) VALUES  

(6, 'Istraživanje primene neuronskih mreža u prepoznavanju objekata na slikama radi poboljšanja sistema za prepoznavanje znakova na putu.', '12-May-2024'); 

  

INSERT INTO IZVESTAJ (ID, OPIS, DATUM_PREDAJE) VALUES  

(7, 'Studija slučaja o korišćenju blokčejn tehnologije u procesu sertifikacije transakcija u bankarskom sektoru.', '20-May-2024'); 

  

INSERT INTO IZVESTAJ (ID, OPIS, DATUM_PREDAJE) VALUES  

(8, 'Implementacija softvera za upravljanje skladištem sa naglaskom na optimizaciju logistike i praćenje inventara.', '02-Jun-2024'); 

  

INSERT INTO IZVESTAJ (ID, OPIS, DATUM_PREDAJE) VALUES  

(9, 'Evaluacija performansi algoritama za optimizaciju rute u distribucijskim mrežama za logističke kompanije.', '10-Jun-2024'); 

  

INSERT INTO IZVESTAJ (ID, OPIS, DATUM_PREDAJE) VALUES  

(10, 'Razvoj aplikacije za prepoznavanje lica sa fokusom na poboljšanje sigurnosti na ulazima u zgrade.', '18-Jun-2024'); 

  

INSERT INTO IZVESTAJ (ID, OPIS, DATUM_PREDAJE) VALUES  

(11, 'Analiza bezbednosnih mehanizama operativnih sistema u cilju jačanja zaštite privatnosti korisnika online usluga.', '01-Jul-2024'); 

  

INSERT INTO IZVESTAJ (ID, OPIS, DATUM_PREDAJE) VALUES  

(12, 'Primena tehnika veštačke inteligencije u automatizaciji procesa proizvodnje u industriji automobila.', '08-Jul-2024'); 

  

INSERT INTO IZVESTAJ (ID, OPIS, DATUM_PREDAJE) VALUES  

(13, 'Evaluacija performansi softvera za vođenje projekata u stvarnim poslovnim okruženjima IT kompanija.', '15-Jul-2024'); 

  

INSERT INTO IZVESTAJ (ID, OPIS, DATUM_PREDAJE) VALUES  

(14, 'Analiza performansi TCP/IP protokola u mrežama za optimizaciju brzine i sigurnosti.', '25-Jul-2024'); 

  

INSERT INTO IZVESTAJ (ID, OPIS, DATUM_PREDAJE) VALUES  

(15, 'Implementacija blokčejn tehnologije u lancu snabdevanja za transparentnost i praćenje kvaliteta proizvoda.', '05-Aug-2024'); 

  

INSERT INTO IZVESTAJ (ID, OPIS, DATUM_PREDAJE) VALUES  

(16, 'Razvoj sistema za preporuku proizvoda koristeći algoritme mašinskog učenja za online trgovine.', '12-Aug-2024'); 

  

INSERT INTO IZVESTAJ (ID, OPIS, DATUM_PREDAJE) VALUES  

(17, 'Analiza performansi sistema za upravljanje bazama podataka u velikim korporativnim okruženjima.', '20-Aug-2024'); 

  

INSERT INTO IZVESTAJ (ID, OPIS, DATUM_PREDAJE) VALUES  

(18, 'Evaluacija sigurnosnih aspekata računarskih mreža u cilju sprečavanja sajber napada u bankarskom sektoru.', '02-Sep-2024'); 

  

INSERT INTO IZVESTAJ (ID, OPIS, DATUM_PREDAJE) VALUES  

(19, 'Analiza performansi algoritama za prepoznavanje i klasifikaciju teksta u kontekstu analize sentimenta na društvenim mrežama.', '10-Sep-2024'); 

  

INSERT INTO IZVESTAJ (ID, OPIS, DATUM_PREDAJE) VALUES  

(20, 'Ispitivanje efikasnosti algoritama za obradu prirodnog jezika u cilju poboljšanja usluga korisničke podrške putem chata.', '18-Sep-2024'); 

  

INSERT INTO IZVESTAJ (ID, OPIS, DATUM_PREDAJE) VALUES  

(21, 'Primena naprednih tehnika programiranja u softveru za analizu genetičkih podataka u medicinskim istraživanjima.', '25-Sep-2024'); 

  

INSERT INTO IZVESTAJ (ID, OPIS, DATUM_PREDAJE) VALUES  

(22, 'Implementacija algoritama za obradu signala u digitalnoj obradi slike za poboljšanje kvaliteta medicinskih rendgenskih snimaka.', '05-Oct-2024'); 

  

INSERT INTO IZVESTAJ (ID, OPIS, DATUM_PREDAJE) VALUES  

(23, 'Analiza performansi tehnika optimizacije u raspoređivanju resursa u oblaku za poboljšanje skalabilnosti aplikacija.', '12-Oct-2024'); 

  

INSERT INTO IZVESTAJ (ID, OPIS, DATUM_PREDAJE) VALUES  

(24, 'Evaluacija efikasnosti algoritama za prepoznavanje govora u sistemima za asistenciju u kući za starije osobe.', '20-Oct-2024'); 

  

INSERT INTO IZVESTAJ (ID, OPIS, DATUM_PREDAJE) VALUES  

(25, 'Primena tehnika mašinskog učenja u predikciji kretanja cena na finansijskim tržištima radi optimizacije investicionih strategija.', '01-Nov-2024'); 

 

--PODACI ZA PROJEKAT 
INSERT INTO PROJEKAT (ID, TIP_PROJEKTA, NAZIV, SKOLSKA_GODINA_ZADAVANJA, S_PREDMETA) 

VALUES (1, 'grupni', 'Analiza i dizajn baze podataka', '2023/2024', 'CS102'); 

  

INSERT INTO PROJEKAT (ID, TIP_PROJEKTA, NAZIV, SKOLSKA_GODINA_ZADAVANJA, S_PREDMETA) 

VALUES (2, 'pojedinacni', 'Implementacija SQL upita za kompleksne analize', '2023/2024', 'CS102'); 

  

INSERT INTO PROJEKAT (ID, TIP_PROJEKTA, NAZIV, SKOLSKA_GODINA_ZADAVANJA, S_PREDMETA) 

VALUES (3, 'grupni', 'Optimizacija algoritama sortiranja', '2023/2024', 'CS103'); 

  

INSERT INTO PROJEKAT (ID, TIP_PROJEKTA, NAZIV, SKOLSKA_GODINA_ZADAVANJA, S_PREDMETA) 

VALUES (4, 'pojedinacni', 'Razvoj web aplikacije za upravljanje bazom podataka', '2023/2024', 'CS104'); 

  

INSERT INTO PROJEKAT (ID, TIP_PROJEKTA, NAZIV, SKOLSKA_GODINA_ZADAVANJA, S_PREDMETA) 

VALUES (5, 'grupni', 'Analiza sigurnosnih mehanizama u bazama podataka', '2023/2024', 'CS105'); 

  

INSERT INTO PROJEKAT (ID, TIP_PROJEKTA, NAZIV, SKOLSKA_GODINA_ZADAVANJA, S_PREDMETA) 

VALUES (6, 'pojedinacni', 'Implementacija algoritama za upravljanje procesima', '2023/2024', 'CS106'); 

  

INSERT INTO PROJEKAT (ID, TIP_PROJEKTA, NAZIV, SKOLSKA_GODINA_ZADAVANJA, S_PREDMETA) 

VALUES (7, 'grupni', 'Analiza algoritama veštačke inteligencije za prepoznavanje obrazaca', '2023/2024', 'CS107'); 

  

INSERT INTO PROJEKAT (ID, TIP_PROJEKTA, NAZIV, SKOLSKA_GODINA_ZADAVANJA, S_PREDMETA) 

VALUES (8, 'pojedinacni', 'Implementacija softverskog inženjeringa za velike projekte', '2023/2024', 'CS108'); 

  

INSERT INTO PROJEKAT (ID, TIP_PROJEKTA, NAZIV, SKOLSKA_GODINA_ZADAVANJA, S_PREDMETA) 

VALUES (9, 'grupni', 'Analiza naprednih programskih tehnika u programiranju', '2023/2024', 'CS109'); 

  

INSERT INTO PROJEKAT (ID, TIP_PROJEKTA, NAZIV, SKOLSKA_GODINA_ZADAVANJA, S_PREDMETA) 

VALUES (10, 'pojedinacni', 'Istraživanje arhitekture mreža računara', '2023/2024', 'CS110'); 

  

INSERT INTO PROJEKAT (ID, TIP_PROJEKTA, NAZIV, SKOLSKA_GODINA_ZADAVANJA, S_PREDMETA) 

VALUES (11, 'grupni', 'Analiza kriptografskih protokola u blokčejn tehnologijama', '2023/2024', 'CS111'); 

  

INSERT INTO PROJEKAT (ID, TIP_PROJEKTA, NAZIV, SKOLSKA_GODINA_ZADAVANJA, S_PREDMETA) 

VALUES (12, 'pojedinacni', 'Implementacija algoritama mašinskog učenja za prepoznavanje slika', '2023/2024', 'CS112'); 

  

INSERT INTO PROJEKAT (ID, TIP_PROJEKTA, NAZIV, SKOLSKA_GODINA_ZADAVANJA, S_PREDMETA) 

VALUES (13, 'grupni', 'Analiza metodologija razvoja softvera', '2023/2024', 'CS113'); 

  

INSERT INTO PROJEKAT (ID, TIP_PROJEKTA, NAZIV, SKOLSKA_GODINA_ZADAVANJA, S_PREDMETA) 

VALUES (14, 'pojedinacni', 'Implementacija modela za upravljanje računarskim mrežama', '2023/2024', 'CS114'); 

  

INSERT INTO PROJEKAT (ID, TIP_PROJEKTA, NAZIV, SKOLSKA_GODINA_ZADAVANJA, S_PREDMETA) 

VALUES (15, 'grupni', 'Analiza naprednih modela baza podataka', '2023/2024', 'CS115'); 

  

INSERT INTO PROJEKAT (ID, TIP_PROJEKTA, NAZIV, SKOLSKA_GODINA_ZADAVANJA, S_PREDMETA) 

VALUES (16, 'pojedinacni', 'Implementacija sistema za e-trgovinu u Uvodu u programiranje', '2023/2024', 'CS101'); 

  

INSERT INTO PROJEKAT (ID, TIP_PROJEKTA, NAZIV, SKOLSKA_GODINA_ZADAVANJA, S_PREDMETA) 

VALUES (17, 'grupni', 'Analiza i implementacija višeslojnih baza podataka', '2023/2024', 'CS102'); 

  

INSERT INTO PROJEKAT (ID, TIP_PROJEKTA, NAZIV, SKOLSKA_GODINA_ZADAVANJA, S_PREDMETA) 

VALUES (18, 'pojedinacni', 'Implementacija algoritama za pretragu stabala', '2023/2024', 'CS103'); 

  

INSERT INTO PROJEKAT (ID, TIP_PROJEKTA, NAZIV, SKOLSKA_GODINA_ZADAVANJA, S_PREDMETA) 

VALUES (19, 'grupni', 'Analiza i razvoj sigurnosnih mehanizama u web programiranju', '2023/2024', 'CS104'); 

  

INSERT INTO PROJEKAT (ID, TIP_PROJEKTA, NAZIV, SKOLSKA_GODINA_ZADAVANJA, S_PREDMETA) 

VALUES (20, 'pojedinacni', 'Istraživanje naprednih tehnika optimizacije SQL upita', '2023/2024', 'CS105'); 

 

INSERT INTO PROJEKAT (ID, TIP_PROJEKTA, NAZIV, SKOLSKA_GODINA_ZADAVANJA, S_PREDMETA)   

VALUES (21, 'grupni', 'Analiza i implementacija algoritama sortiranja', '2023/2024', 'CS101');  

   

INSERT INTO PROJEKAT (ID, TIP_PROJEKTA, NAZIV, SKOLSKA_GODINA_ZADAVANJA, S_PREDMETA)   

VALUES (22, 'pojedinacni', 'Dizajn i implementacija baze podataka za e-trgovinu', '2023/2024', 'CS102');  

  

INSERT INTO PROJEKAT (ID, TIP_PROJEKTA, NAZIV, SKOLSKA_GODINA_ZADAVANJA, S_PREDMETA)    

VALUES (23, 'grupni', 'Poređenje performansi algoritama pretrage stabala podataka', '2023/2024', 'CS102');  

  

INSERT INTO PROJEKAT (ID, TIP_PROJEKTA, NAZIV, SKOLSKA_GODINA_ZADAVANJA, S_PREDMETA)    

VALUES (24, 'pojedinacni', 'Analiza performansi tehnika kompresije podataka', '2023/2024', 'CS104');   

INSERT INTO PROJEKAT (ID, TIP_PROJEKTA, NAZIV, SKOLSKA_GODINA_ZADAVANJA, S_PREDMETA)    

VALUES (25, 'grupni', 'Implementacija sistema za detekciju prevara u finansijskim transakcijama', '2023/2024', 'CS105');  

  

INSERT INTO PROJEKAT (ID, TIP_PROJEKTA, NAZIV, SKOLSKA_GODINA_ZADAVANJA, S_PREDMETA)    

VALUES (26, 'pojedinacni', 'Analiza sigurnosnih propusta u web aplikacijama', '2023/2024', 'CS104');  

 

INSERT INTO PROJEKAT (ID, TIP_PROJEKTA, NAZIV, SKOLSKA_GODINA_ZADAVANJA, S_PREDMETA)    

VALUES (27, 'grupni', 'Istraživanje primene tehnika prepoznavanja objekata na slikama', '2023/2024', 'CS107');  

   

INSERT INTO PROJEKAT (ID, TIP_PROJEKTA, NAZIV, SKOLSKA_GODINA_ZADAVANJA, S_PREDMETA)   

VALUES (28, 'pojedinacni', 'Studija slučaja: Primena blokčejn tehnologije u bankarskom sektoru', '2023/2024', 'CS108');  

  

INSERT INTO PROJEKAT (ID, TIP_PROJEKTA, NAZIV, SKOLSKA_GODINA_ZADAVANJA, S_PREDMETA)    

VALUES (29, 'grupni', 'Razvoj softvera za upravljanje skladištem', '2023/2024', 'CS109');  

  

INSERT INTO PROJEKAT (ID, TIP_PROJEKTA, NAZIV, SKOLSKA_GODINA_ZADAVANJA, S_PREDMETA)    

VALUES (30, 'pojedinacni', 'Analiza performansi algoritama za optimizaciju rute u logističkim mrežama', '2023/2024', 'CS110');  

 

INSERT INTO PROJEKAT (ID, TIP_PROJEKTA, NAZIV, SKOLSKA_GODINA_ZADAVANJA, S_PREDMETA)    

VALUES (31, 'grupni', 'Razvoj aplikacije za prepoznavanje lica', '2023/2024', 'CS111');  

   

INSERT INTO PROJEKAT (ID, TIP_PROJEKTA, NAZIV, SKOLSKA_GODINA_ZADAVANJA, S_PREDMETA)   

VALUES (32, 'pojedinacni', 'Analiza sigurnosnih mehanizama operativnih sistema', '2023/2024', 'CS112');  

  

INSERT INTO PROJEKAT (ID, TIP_PROJEKTA, NAZIV, SKOLSKA_GODINA_ZADAVANJA, S_PREDMETA)    

VALUES (33, 'grupni', 'Primena veštačke inteligencije u automatizaciji procesa proizvodnje', '2023/2024', 'CS113');  

  

INSERT INTO PROJEKAT (ID, TIP_PROJEKTA, NAZIV, SKOLSKA_GODINA_ZADAVANJA, S_PREDMETA)   

VALUES (34, 'pojedinacni', 'Evaluacija performansi softvera za vođenje projekata', '2023/2024', 'CS114');  

  

INSERT INTO PROJEKAT (ID, TIP_PROJEKTA, NAZIV, SKOLSKA_GODINA_ZADAVANJA, S_PREDMETA)   

VALUES (35, 'grupni', 'Analiza performansi TCP/IP protokola', '2023/2024', 'CS115');  

  

INSERT INTO PROJEKAT (ID, TIP_PROJEKTA, NAZIV, SKOLSKA_GODINA_ZADAVANJA, S_PREDMETA)    

VALUES (36, 'pojedinacni', 'Analiza performansi datotečnih sistema', '2023/2024', 'CS106');  

  

INSERT INTO PROJEKAT (ID, TIP_PROJEKTA, NAZIV, SKOLSKA_GODINA_ZADAVANJA, S_PREDMETA)    

VALUES (37, 'grupni', 'Implementacija sistema za virtualizaciju resursa', '2023/2024', 'CS106');  

   

INSERT INTO PROJEKAT (ID, TIP_PROJEKTA, NAZIV, SKOLSKA_GODINA_ZADAVANJA, S_PREDMETA)   

VALUES (38, 'pojedinacni', 'Razvoj sistema za upravljanje korisnicima', '2023/2024', 'CS106');  

   

INSERT INTO PROJEKAT (ID, TIP_PROJEKTA, NAZIV, SKOLSKA_GODINA_ZADAVANJA, S_PREDMETA)   

VALUES (39, 'grupni', 'Razvoj aplikacije za upravljanje zahtevima', '2023/2024', 'CS108');  

   

INSERT INTO PROJEKAT (ID, TIP_PROJEKTA, NAZIV, SKOLSKA_GODINA_ZADAVANJA, S_PREDMETA)   

VALUES (40, 'pojedinacni', 'Razvoj aplikacije za automatsko testiranje', '2023/2024', 'CS108');  

   

INSERT INTO PROJEKAT (ID, TIP_PROJEKTA, NAZIV, SKOLSKA_GODINA_ZADAVANJA, S_PREDMETA)   

VALUES (41, 'grupni', 'Razvoj sistema za kontrolu verzija', '2023/2024', 'CS108');  

  

INSERT INTO PROJEKAT (ID, TIP_PROJEKTA, NAZIV, SKOLSKA_GODINA_ZADAVANJA, S_PREDMETA)   

VALUES (42, 'pojedinacni', 'Razvoj aplikacije za upravljanje prodajom', '2023/2024', 'CS113');  

  

INSERT INTO PROJEKAT (ID, TIP_PROJEKTA, NAZIV, SKOLSKA_GODINA_ZADAVANJA, S_PREDMETA)    

VALUES (43, 'grupni', 'Razvoj sistema za upravljanje korisnicima', '2023/2024', 'CS113');  

   

INSERT INTO PROJEKAT (ID, TIP_PROJEKTA, NAZIV, SKOLSKA_GODINA_ZADAVANJA, S_PREDMETA)   

VALUES (44, 'pojedinacni', 'Razvoj aplikacije za planiranje događaja', '2023/2024', 'CS113'); 

 

 

--PODACI ZA TEORIJSKE PROJEKTE 
INSERT INTO TEORIJSKI_PROJEKAT (ID, MAKS_BROJ_STRANA) 

VALUES (1, 20); 

  

INSERT INTO TEORIJSKI_PROJEKAT (ID, MAKS_BROJ_STRANA) 

VALUES (2, 15); 

  

INSERT INTO TEORIJSKI_PROJEKAT (ID, MAKS_BROJ_STRANA) 

VALUES (3, 18); 

  

INSERT INTO TEORIJSKI_PROJEKAT (ID, MAKS_BROJ_STRANA) 

VALUES (4, 17); 

  

INSERT INTO TEORIJSKI_PROJEKAT (ID, MAKS_BROJ_STRANA) 

VALUES (5, 22); 

  

INSERT INTO TEORIJSKI_PROJEKAT (ID, MAKS_BROJ_STRANA) 

VALUES (6, 16); 

  

INSERT INTO TEORIJSKI_PROJEKAT (ID, MAKS_BROJ_STRANA) 

VALUES (7, 19); 

  

INSERT INTO TEORIJSKI_PROJEKAT (ID, MAKS_BROJ_STRANA) 

VALUES (8, 14); 

  

INSERT INTO TEORIJSKI_PROJEKAT (ID, MAKS_BROJ_STRANA) 

VALUES (9, 21); 

  

INSERT INTO TEORIJSKI_PROJEKAT (ID, MAKS_BROJ_STRANA) 

VALUES (10, 18); 

  

INSERT INTO TEORIJSKI_PROJEKAT (ID, MAKS_BROJ_STRANA) 

VALUES (11, 20); 

  

INSERT INTO TEORIJSKI_PROJEKAT (ID, MAKS_BROJ_STRANA) 

VALUES (12, 17); 

  

INSERT INTO TEORIJSKI_PROJEKAT (ID, MAKS_BROJ_STRANA) 

VALUES (13, 19); 

  

INSERT INTO TEORIJSKI_PROJEKAT (ID, MAKS_BROJ_STRANA) 

VALUES (14, 15); 

  

INSERT INTO TEORIJSKI_PROJEKAT (ID, MAKS_BROJ_STRANA) 

VALUES (15, 22); 

  

INSERT INTO TEORIJSKI_PROJEKAT (ID, MAKS_BROJ_STRANA) 

VALUES (16, 16); 

  

INSERT INTO TEORIJSKI_PROJEKAT (ID, MAKS_BROJ_STRANA) 

VALUES (17, 18); 

  

INSERT INTO TEORIJSKI_PROJEKAT (ID, MAKS_BROJ_STRANA) 

VALUES (18, 19); 

  

INSERT INTO TEORIJSKI_PROJEKAT (ID, MAKS_BROJ_STRANA) 

VALUES (19, 20); 

  

INSERT INTO TEORIJSKI_PROJEKAT (ID, MAKS_BROJ_STRANA) 

VALUES (20, 17); 

 

--PODACI ZA PRAKTICNE PROJEKTE 
INSERT INTO PRAKTICNI_PROJEKAT (ID, KRATAK_OPIS, PREPORUCENI_PROGRAMSKI_JEZIK)  

VALUES (21, 'Istraživanje performansi algoritama sortiranja na velikim skupovima podataka.', 'C++'); 

  

INSERT INTO PRAKTICNI_PROJEKAT (ID, KRATAK_OPIS, PREPORUCENI_PROGRAMSKI_JEZIK)  

VALUES (22, 'Razvoj kompleksne baze podataka za online prodaju sa sistemom za upravljanje inventarom.', 'SQL, Python'); 

  

INSERT INTO PRAKTICNI_PROJEKAT (ID, KRATAK_OPIS, PREPORUCENI_PROGRAMSKI_JEZIK)  

VALUES (23, 'Analiza i implementacija algoritama za pretragu stabala podataka u kontekstu efikasnosti i skalabilnosti.', 'Java, C#'); 

  

INSERT INTO PRAKTICNI_PROJEKAT (ID, KRATAK_OPIS, PREPORUCENI_PROGRAMSKI_JEZIK)  

VALUES (24, 'Istraživanje i implementacija različitih tehnika kompresije podataka radi efikasnosti i brzine.', 'Python'); 

  

INSERT INTO PRAKTICNI_PROJEKAT (ID, KRATAK_OPIS, PREPORUCENI_PROGRAMSKI_JEZIK)  

VALUES (25, 'Razvoj softverskog rešenja za detekciju nepravilnosti i prevara u bankarskim transakcijama.', 'Java'); 

  

INSERT INTO PRAKTICNI_PROJEKAT (ID, KRATAK_OPIS, PREPORUCENI_PROGRAMSKI_JEZIK)  

VALUES (26, 'Testiranje i identifikacija ranjivosti u web aplikacijama sa fokusom na preventivne mere.', 'PHP, JavaScript'); 

  

INSERT INTO PRAKTICNI_PROJEKAT (ID, KRATAK_OPIS, PREPORUCENI_PROGRAMSKI_JEZIK)  

VALUES (27, 'Analiza performansi različitih algoritama za prepoznavanje i klasifikaciju objekata na slikama.', 'Python, MATLAB'); 

  

INSERT INTO PRAKTICNI_PROJEKAT (ID, KRATAK_OPIS, PREPORUCENI_PROGRAMSKI_JEZIK)  

VALUES (28, 'Analiza mogućih primena blokčejn tehnologije za unapređenje procesa i sigurnosti u bankarstvu.', 'Solidity'); 

  

INSERT INTO PRAKTICNI_PROJEKAT (ID, KRATAK_OPIS, PREPORUCENI_PROGRAMSKI_JEZIK)  

VALUES (29, 'Implementacija softverskog rešenja za efikasno upravljanje inventarom i praćenje rokova u skladišnom poslovanju.', 'Java, C#'); 

  

INSERT INTO PRAKTICNI_PROJEKAT (ID, KRATAK_OPIS, PREPORUCENI_PROGRAMSKI_JEZIK)  

VALUES (30, 'Procena i upoređivanje efikasnosti algoritama za optimizaciju rute u logističkom sektoru.', 'Python, C++'); 

  

INSERT INTO PRAKTICNI_PROJEKAT (ID, KRATAK_OPIS, PREPORUCENI_PROGRAMSKI_JEZIK)  

VALUES (31, 'Implementacija softverskog rešenja za prepoznavanje i analizu lica u realnom vremenu.', 'Python, OpenCV'); 

  

INSERT INTO PRAKTICNI_PROJEKAT (ID, KRATAK_OPIS, PREPORUCENI_PROGRAMSKI_JEZIK)  

VALUES (32, 'Istraživanje i evaluacija sigurnosnih mehanizama operativnih sistema u cilju jačanja privatnosti korisnika.', 'C, Assembly'); 

  

INSERT INTO PRAKTICNI_PROJEKAT (ID, KRATAK_OPIS, PREPORUCENI_PROGRAMSKI_JEZIK)  

VALUES (33, 'Implementacija sistema za automatsko upravljanje procesima proizvodnje u industriji automobila.', 'Python, TensorFlow'); 

  

INSERT INTO PRAKTICNI_PROJEKAT (ID, KRATAK_OPIS, PREPORUCENI_PROGRAMSKI_JEZIK)  

VALUES (34, 'Testiranje i evaluacija softvera za vođenje projekata u stvarnim poslovnim okruženjima.', 'Java, JavaScript'); 

  

INSERT INTO PRAKTICNI_PROJEKAT (ID, KRATAK_OPIS, PREPORUCENI_PROGRAMSKI_JEZIK)  

VALUES (35, 'Istraživanje i analiza performansi TCP/IP protokola u cilju optimizacije brzine i sigurnosti u mrežama.', 'Python, Wireshark'); 

  

INSERT INTO PRAKTICNI_PROJEKAT (ID, KRATAK_OPIS, PREPORUCENI_PROGRAMSKI_JEZIK)  

VALUES (36, 'Istraživanje i analiza performansi različitih datotečnih sistema u operativnim sistemima.', 'C, Bash'); 

  

INSERT INTO PRAKTICNI_PROJEKAT (ID, KRATAK_OPIS, PREPORUCENI_PROGRAMSKI_JEZIK)  

VALUES (37, 'Razvoj softverskog rešenja za virtualizaciju resursa u okviru operativnog sistema.', 'Python, KVM'); 

  

INSERT INTO PRAKTICNI_PROJEKAT (ID, KRATAK_OPIS, PREPORUCENI_PROGRAMSKI_JEZIK)  

VALUES (38, 'Implementacija sistema za upravljanje korisničkim nalozima i privilegijama u operativnom sistemu.', 'C, Shell'); 

  

INSERT INTO PRAKTICNI_PROJEKAT (ID, KRATAK_OPIS, PREPORUCENI_PROGRAMSKI_JEZIK)  

VALUES (39, 'Implementacija softverskog alata za praćenje i upravljanje zahtevima u okviru softverskog projekta.', 'Java, SQL'); 

  

INSERT INTO PRAKTICNI_PROJEKAT (ID, KRATAK_OPIS, PREPORUCENI_PROGRAMSKI_JEZIK)  

VALUES (40, 'Izrada softverskog alata za automatsko testiranje funkcionalnosti i performansi aplikacija.', 'Python, Selenium'); 

  

INSERT INTO PRAKTICNI_PROJEKAT (ID, KRATAK_OPIS, PREPORUCENI_PROGRAMSKI_JEZIK)  

VALUES (41, 'Implementacija softverskog sistema za upravljanje verzijama i promenama u okviru softverskog razvoja.', 'Git, Java'); 

  

INSERT INTO PRAKTICNI_PROJEKAT (ID, KRATAK_OPIS, PREPORUCENI_PROGRAMSKI_JEZIK)  

VALUES (42, 'Izrada softverskog rešenja za efikasno upravljanje procesima prodaje i praćenje rezultata.', 'JavaScript, Node.js'); 

  

INSERT INTO PRAKTICNI_PROJEKAT (ID, KRATAK_OPIS, PREPORUCENI_PROGRAMSKI_JEZIK)  

VALUES (43, 'Implementacija softverskog sistema za upravljanje korisničkim nalozima i pravima pristupa.', 'Python, Django'); 

  

INSERT INTO PRAKTICNI_PROJEKAT (ID, KRATAK_OPIS, PREPORUCENI_PROGRAMSKI_JEZIK)  

VALUES (44, 'Izrada softverskog alata za organizaciju i planiranje različitih vrsta događaja.', 'Java, Spring'); 

 

--PODACI ZA PREPORUCENE WEB STRANICE ZA PRAKTICNE PROJEKTE 

INSERT INTO PPROJ_PREP_WEB (PPROJ_ID, PREP_WEB_STRANA) VALUES   

(21, 'www.securityfocus.com');  

  

INSERT INTO PPROJ_PREP_WEB (PPROJ_ID, PREP_WEB_STRANA) VALUES   

(22, 'www.digitalocean.com');  

 

INSERT INTO PPROJ_PREP_WEB (PPROJ_ID, PREP_WEB_STRANA) VALUES   

(23, 'www.ietf.org');  

 

INSERT INTO PPROJ_PREP_WEB (PPROJ_ID, PREP_WEB_STRANA) VALUES   

(24, 'www.owasp.org');  

  

INSERT INTO PPROJ_PREP_WEB (PPROJ_ID, PREP_WEB_STRANA) VALUES   

(24, 'www.tutorialspoint.com');  

  

INSERT INTO PPROJ_PREP_WEB (PPROJ_ID, PREP_WEB_STRANA) VALUES   

(25, 'www.microsoft.com');  

  

INSERT INTO PPROJ_PREP_WEB (PPROJ_ID, PREP_WEB_STRANA) VALUES   

(26, 'www.owasp.org');  

 

INSERT INTO PPROJ_PREP_WEB (PPROJ_ID, PREP_WEB_STRANA) VALUES   

(26, 'www.digitalocean.com');  

  

INSERT INTO PPROJ_PREP_WEB (PPROJ_ID, PREP_WEB_STRANA) VALUES   

(27, 'www.paperswithcode.com');  

  

INSERT INTO PPROJ_PREP_WEB (PPROJ_ID, PREP_WEB_STRANA) VALUES   

(27, 'www.analyticsvidhya.com');  

 

INSERT INTO PPROJ_PREP_WEB (PPROJ_ID, PREP_WEB_STRANA) VALUES   

(28, 'www.tutorialspoint.com');  

  

INSERT INTO PPROJ_PREP_WEB (PPROJ_ID, PREP_WEB_STRANA) VALUES   

(28, 'www.geeksforgeeks.org');  

  

INSERT INTO PPROJ_PREP_WEB (PPROJ_ID, PREP_WEB_STRANA) VALUES   

(29, 'www.analyticsvidhya.com');  

  

INSERT INTO PPROJ_PREP_WEB (PPROJ_ID, PREP_WEB_STRANA) VALUES   

(29, 'www.towardsdatascience.com');  

  

INSERT INTO PPROJ_PREP_WEB (PPROJ_ID, PREP_WEB_STRANA) VALUES   

(30, 'www.analyticsvidhya.com');  

  

INSERT INTO PPROJ_PREP_WEB (PPROJ_ID, PREP_WEB_STRANA) VALUES   

(30, 'www.geeksforgeeks.org');  

  

INSERT INTO PPROJ_PREP_WEB (PPROJ_ID, PREP_WEB_STRANA) VALUES   

(31, 'www.analyticsvidhya.com');  

  

INSERT INTO PPROJ_PREP_WEB (PPROJ_ID, PREP_WEB_STRANA) VALUES   

(31, 'www.tutorialspoint.com');  

  

INSERT INTO PPROJ_PREP_WEB (PPROJ_ID, PREP_WEB_STRANA) VALUES   

(32, 'www.owasp.org');  

  

INSERT INTO PPROJ_PREP_WEB (PPROJ_ID, PREP_WEB_STRANA) VALUES   

(32, 'www.digitalocean.com');  

  

INSERT INTO PPROJ_PREP_WEB (PPROJ_ID, PREP_WEB_STRANA) VALUES   

(33, 'www.tutorialspoint.com');  

  

INSERT INTO PPROJ_PREP_WEB (PPROJ_ID, PREP_WEB_STRANA) VALUES   

(33, 'www.geeksforgeeks.org');  

  

INSERT INTO PPROJ_PREP_WEB (PPROJ_ID, PREP_WEB_STRANA) VALUES   

(34, 'www.apachefriends.org');  

  

INSERT INTO PPROJ_PREP_WEB (PPROJ_ID, PREP_WEB_STRANA) VALUES   

(34, 'www.w3schools.com');  

  

INSERT INTO PPROJ_PREP_WEB (PPROJ_ID, PREP_WEB_STRANA) VALUES   

(35, 'www.geeksforgeeks.org');  

  

INSERT INTO PPROJ_PREP_WEB (PPROJ_ID, PREP_WEB_STRANA) VALUES   

(35, 'www.tutorialspoint.com');  

  

INSERT INTO PPROJ_PREP_WEB (PPROJ_ID, PREP_WEB_STRANA) VALUES   

(36, 'www.microsoft.com');  

  

INSERT INTO PPROJ_PREP_WEB (PPROJ_ID, PREP_WEB_STRANA) VALUES   

(36, 'www.geeksforgeeks.org');  

  

INSERT INTO PPROJ_PREP_WEB (PPROJ_ID, PREP_WEB_STRANA) VALUES   

(37, 'www.geeksforgeeks.org');  

  

INSERT INTO PPROJ_PREP_WEB (PPROJ_ID, PREP_WEB_STRANA) VALUES   

(37, 'www.tutorialspoint.com');  

  

INSERT INTO PPROJ_PREP_WEB (PPROJ_ID, PREP_WEB_STRANA) VALUES   

(38,'www.microsoft.com');  

   

INSERT INTO PPROJ_PREP_WEB (PPROJ_ID, PREP_WEB_STRANA) VALUES   

(38, 'www.geeksforgeeks.org');  

  

INSERT INTO PPROJ_PREP_WEB (PPROJ_ID, PREP_WEB_STRANA) VALUES   

(39, 'www.geeksforgeeks.org');  

 

INSERT INTO PPROJ_PREP_WEB (PPROJ_ID, PREP_WEB_STRANA) VALUES   

(39, 'www.tutorialspoint.com');  

 

INSERT INTO PPROJ_PREP_WEB (PPROJ_ID, PREP_WEB_STRANA) VALUES    

(40, 'www.kaggle.com');  

   

INSERT INTO PPROJ_PREP_WEB (PPROJ_ID, PREP_WEB_STRANA) VALUES   

(40, 'www.analyticsvidhya.com');  

  

INSERT INTO PPROJ_PREP_WEB (PPROJ_ID, PREP_WEB_STRANA) VALUES   

(41, 'www.geeksforgeeks.org');  

 

INSERT INTO PPROJ_PREP_WEB (PPROJ_ID, PREP_WEB_STRANA) VALUES   

 (42, 'www.tutorialspoint.com');  

  

INSERT INTO PPROJ_PREP_WEB (PPROJ_ID, PREP_WEB_STRANA) VALUES    

(43, 'www.analyticsvidhya.com');  

   

INSERT INTO PPROJ_PREP_WEB (PPROJ_ID, PREP_WEB_STRANA) VALUES   

(44, 'www.digitalocean.com'); 

 

--PODACI ZA LITERATURE 
INSERT INTO LITERATURA (LIT_ID, NAZIV) VALUES ('LIT01', 'Introduction to Algorithms'); 

INSERT INTO LITERATURA (LIT_ID, NAZIV) VALUES ('LIT02', 'Structure and Interpretation of Computer Programs'); 

INSERT INTO LITERATURA (LIT_ID, NAZIV) VALUES ('LIT03', 'The Art of Computer Programming'); 

INSERT INTO LITERATURA (LIT_ID, NAZIV) VALUES ('LIT04', 'Clean Code: A Handbook of Agile Software Craftsmanship'); 

INSERT INTO LITERATURA (LIT_ID, NAZIV) VALUES ('LIT05', 'Design Patterns: Elements of Reusable Object-Oriented Software'); 

INSERT INTO LITERATURA (LIT_ID, NAZIV) VALUES ('LIT06', 'Computer Networking: A Top-Down Approach'); 

INSERT INTO LITERATURA (LIT_ID, NAZIV) VALUES ('LIT07', 'Operating System Concepts'); 

INSERT INTO LITERATURA (LIT_ID, NAZIV) VALUES ('LIT08', 'Artificial Intelligence: A Modern Approach'); 

INSERT INTO LITERATURA (LIT_ID, NAZIV) VALUES ('LIT09', 'Compilers: Principles, Techniques, and Tools'); 

INSERT INTO LITERATURA (LIT_ID, NAZIV) VALUES ('LIT10', 'Database Management Systems'); 
 
INSERT INTO LITERATURA (LIT_ID, NAZIV) VALUES ('LIT11', 'A Tour of Go'); 

INSERT INTO LITERATURA (LIT_ID, NAZIV) VALUES ('LIT12', 'MapReduce: Simplified Data Processing on Large Clusters'); 

INSERT INTO LITERATURA (LIT_ID, NAZIV) VALUES ('LIT13', 'The Anatomy of a Large-Scale Hypertextual Web Search Engine'); 

INSERT INTO LITERATURA (LIT_ID, NAZIV) VALUES ('LIT14', 'The PageRank Citation Ranking: Bringing Order to the Web'); 

INSERT INTO LITERATURA (LIT_ID, NAZIV) VALUES ('LIT15', 'Bitcoin: A Peer-to-Peer Electronic Cash System'); 

INSERT INTO LITERATURA (LIT_ID, NAZIV) VALUES ('LIT16', 'Ethereum: A Next-Generation Smart Contract and Decentralized Application Platform'); 

INSERT INTO LITERATURA (LIT_ID, NAZIV) VALUES ('LIT17', 'Deep Learning'); 

INSERT INTO LITERATURA (LIT_ID, NAZIV) VALUES ('LIT18', 'Generative Adversarial Nets'); 

INSERT INTO LITERATURA (LIT_ID, NAZIV) VALUES ('LIT19', 'Reinforcement Learning: An Introduction'); 

INSERT INTO LITERATURA (LIT_ID, NAZIV) VALUES ('LIT20', 'The Unreasonable Effectiveness of Recurrent Neural Networks'); 
 
INSERT INTO LITERATURA (LIT_ID, NAZIV) VALUES ('LIT21', 'Attention Is All You Need'); 

INSERT INTO LITERATURA (LIT_ID, NAZIV) VALUES ('LIT22', 'BERT: Pre-training of Deep Bidirectional Transformers for Language Understanding'); 

INSERT INTO LITERATURA (LIT_ID, NAZIV) VALUES ('LIT23', 'Neural Machine Translation by Jointly Learning to Align and Translate'); 

INSERT INTO LITERATURA (LIT_ID, NAZIV) VALUES ('LIT24', 'Generative Pre-trained Transformer 2'); 

INSERT INTO LITERATURA (LIT_ID, NAZIV) VALUES ('LIT25', 'Graph Attention Networks'); 

INSERT INTO LITERATURA (LIT_ID, NAZIV) VALUES ('LIT26', 'EfficientDet: Scalable and Efficient Object Detection'); 

INSERT INTO LITERATURA (LIT_ID, NAZIV) VALUES ('LIT27', 'YOLOv4: Optimal Speed and Accuracy of Object Detection'); 

INSERT INTO LITERATURA (LIT_ID, NAZIV) VALUES ('LIT28', 'Graph Convolutional Networks: A Review of Methods and Applications'); 

INSERT INTO LITERATURA (LIT_ID, NAZIV) VALUES ('LIT29', 'Adversarial Robustness Toolbox: Securing Machine Learning Models'); 

INSERT INTO LITERATURA (LIT_ID, NAZIV) VALUES ('LIT30', 'Self-Supervised Learning: Generative and Contrastive Methods'); 

 

 

--PODACI ZA AUTORE LITERATURA 

INSERT INTO LIT_AUTOR (LIT_ID, AUTOR) VALUES ('LIT01', 'Thomas H. Cormen'); 

INSERT INTO LIT_AUTOR (LIT_ID, AUTOR) VALUES ('LIT01', 'Charles E. Leiserson'); 

INSERT INTO LIT_AUTOR (LIT_ID, AUTOR) VALUES ('LIT01', 'Ronald L. Rivest'); 

INSERT INTO LIT_AUTOR (LIT_ID, AUTOR) VALUES ('LIT01', 'Clifford Stein'); 

INSERT INTO LIT_AUTOR (LIT_ID, AUTOR) VALUES ('LIT02', 'Harold Abelson'); 

INSERT INTO LIT_AUTOR (LIT_ID, AUTOR) VALUES ('LIT02', 'Gerald Jay Sussman'); 

INSERT INTO LIT_AUTOR (LIT_ID, AUTOR) VALUES ('LIT02', 'Julie Sussman'); 

INSERT INTO LIT_AUTOR (LIT_ID, AUTOR) VALUES ('LIT03', 'Donald E. Knuth'); 

INSERT INTO LIT_AUTOR (LIT_ID, AUTOR) VALUES ('LIT04', 'Robert C. Martin'); 

INSERT INTO LIT_AUTOR (LIT_ID, AUTOR) VALUES ('LIT05', 'Erich Gamma'); 

INSERT INTO LIT_AUTOR (LIT_ID, AUTOR) VALUES ('LIT05', 'Richard Helm'); 

INSERT INTO LIT_AUTOR (LIT_ID, AUTOR) VALUES ('LIT05', 'Ralph Johnson'); 

INSERT INTO LIT_AUTOR (LIT_ID, AUTOR) VALUES ('LIT05', 'John Vlissides'); 

INSERT INTO LIT_AUTOR (LIT_ID, AUTOR) VALUES ('LIT06', 'James F. Kurose'); 

INSERT INTO LIT_AUTOR (LIT_ID, AUTOR) VALUES ('LIT06', 'Keith W. Ross'); 

INSERT INTO LIT_AUTOR (LIT_ID, AUTOR) VALUES ('LIT07', 'Abraham Silberschatz'); 

INSERT INTO LIT_AUTOR (LIT_ID, AUTOR) VALUES ('LIT07', 'Greg Gagne'); 

INSERT INTO LIT_AUTOR (LIT_ID, AUTOR) VALUES ('LIT07', 'Peter B. Galvin'); 

INSERT INTO LIT_AUTOR (LIT_ID, AUTOR) VALUES ('LIT08', 'Stuart Russell'); 

INSERT INTO LIT_AUTOR (LIT_ID, AUTOR) VALUES ('LIT08', 'Peter Norvig'); 

INSERT INTO LIT_AUTOR (LIT_ID, AUTOR) VALUES ('LIT09', 'Alfred V. Aho'); 

INSERT INTO LIT_AUTOR (LIT_ID, AUTOR) VALUES ('LIT09', 'Ravi Sethi'); 

INSERT INTO LIT_AUTOR (LIT_ID, AUTOR) VALUES ('LIT09', 'Jeffrey D. Ullman'); 

INSERT INTO LIT_AUTOR (LIT_ID, AUTOR) VALUES ('LIT10', 'Raghu Ramakrishnan'); 

INSERT INTO LIT_AUTOR (LIT_ID, AUTOR) VALUES ('LIT10', 'Johannes Gehrke'); 

 
INSERT INTO LIT_AUTOR (LIT_ID, AUTOR) VALUES ('LIT11', 'Rob Pike'); 

INSERT INTO LIT_AUTOR (LIT_ID, AUTOR) VALUES ('LIT12', 'Jeffrey Dean'); 

INSERT INTO LIT_AUTOR (LIT_ID, AUTOR) VALUES ('LIT13', 'Sergey Brin'); 

INSERT INTO LIT_AUTOR (LIT_ID, AUTOR) VALUES ('LIT14', 'Larry Page'); 

INSERT INTO LIT_AUTOR (LIT_ID, AUTOR) VALUES ('LIT15', 'Satoshi Nakamoto'); 

INSERT INTO LIT_AUTOR (LIT_ID, AUTOR) VALUES ('LIT16', 'Vitalik Buterin'); 

INSERT INTO LIT_AUTOR (LIT_ID, AUTOR) VALUES ('LIT17', 'Ian Goodfellow'); 

INSERT INTO LIT_AUTOR (LIT_ID, AUTOR) VALUES ('LIT18', 'Ian Goodfellow'); 

INSERT INTO LIT_AUTOR (LIT_ID, AUTOR) VALUES ('LIT19', 'Richard S. Sutton'); 

INSERT INTO LIT_AUTOR (LIT_ID, AUTOR) VALUES ('LIT20', 'Andrej Karpathy'); 
 
INSERT INTO LIT_AUTOR (LIT_ID, AUTOR) VALUES ('LIT21', 'Rob Pike'); 

INSERT INTO LIT_AUTOR (LIT_ID, AUTOR) VALUES ('LIT21', 'Robert Griesemer'); 

INSERT INTO LIT_AUTOR (LIT_ID, AUTOR) VALUES ('LIT21', 'Ken Thompson'); 

INSERT INTO LIT_AUTOR (LIT_ID, AUTOR) VALUES ('LIT22', 'Jeffrey Dean'); 

INSERT INTO LIT_AUTOR (LIT_ID, AUTOR) VALUES ('LIT22', 'Sanjay Ghemawat'); 

INSERT INTO LIT_AUTOR (LIT_ID, AUTOR) VALUES ('LIT23', 'Sergey Brin'); 

INSERT INTO LIT_AUTOR (LIT_ID, AUTOR) VALUES ('LIT23', 'Lawrence Page'); 

INSERT INTO LIT_AUTOR (LIT_ID, AUTOR) VALUES ('LIT24', 'Lawrence Page'); 

INSERT INTO LIT_AUTOR (LIT_ID, AUTOR) VALUES ('LIT24', 'Sergey Brin'); 

INSERT INTO LIT_AUTOR (LIT_ID, AUTOR) VALUES ('LIT25', 'Satoshi Nakamoto'); 

INSERT INTO LIT_AUTOR (LIT_ID, AUTOR) VALUES ('LIT26', 'Vitalik Buterin'); 

INSERT INTO LIT_AUTOR (LIT_ID, AUTOR) VALUES ('LIT27', 'Yoshua Bengio'); 

INSERT INTO LIT_AUTOR (LIT_ID, AUTOR) VALUES ('LIT27', 'Ian Goodfellow'); 

INSERT INTO LIT_AUTOR (LIT_ID, AUTOR) VALUES ('LIT27', 'Aaron Courville'); 

INSERT INTO LIT_AUTOR (LIT_ID, AUTOR) VALUES ('LIT28', 'Ian Goodfellow'); 

INSERT INTO LIT_AUTOR (LIT_ID, AUTOR) VALUES ('LIT28', 'Jean Pouget-Abadie'); 

INSERT INTO LIT_AUTOR (LIT_ID, AUTOR) VALUES ('LIT28', 'Mehdi Mirza'); 

INSERT INTO LIT_AUTOR (LIT_ID, AUTOR) VALUES ('LIT28', 'Bing Xu'); 

INSERT INTO LIT_AUTOR (LIT_ID, AUTOR) VALUES ('LIT28', 'David Warde-Farley'); 

INSERT INTO LIT_AUTOR (LIT_ID, AUTOR) VALUES ('LIT28', 'Sherjil Ozair'); 

INSERT INTO LIT_AUTOR (LIT_ID, AUTOR) VALUES ('LIT28', 'Aaron Courville'); 

INSERT INTO LIT_AUTOR (LIT_ID, AUTOR) VALUES ('LIT28', 'Yoshua Bengio'); 

INSERT INTO LIT_AUTOR (LIT_ID, AUTOR) VALUES ('LIT29', 'Richard S. Sutton'); 

INSERT INTO LIT_AUTOR (LIT_ID, AUTOR) VALUES ('LIT29', 'Andrew G. Barto'); 

INSERT INTO LIT_AUTOR (LIT_ID, AUTOR) VALUES ('LIT30', 'Andrej Karpathy'); 

 

--PODACI ZA KNJIGE 
INSERT INTO KNJIGA (ISBN, IZDAVAC, GODINA_IZDANJA, LIT_ID) VALUES ('1234567890123', 'MIT Press', '1990', 'LIT01'); 

INSERT INTO KNJIGA (ISBN, IZDAVAC, GODINA_IZDANJA, LIT_ID) VALUES ('2345678901234', 'MIT Press', '1985', 'LIT02'); 

INSERT INTO KNJIGA (ISBN, IZDAVAC, GODINA_IZDANJA, LIT_ID) VALUES ('3456789012345', 'Addison-Wesley Professional', '1968', 'LIT03'); 

INSERT INTO KNJIGA (ISBN, IZDAVAC, GODINA_IZDANJA, LIT_ID) VALUES ('4567890123456', 'Prentice Hall', '2008', 'LIT04'); 

INSERT INTO KNJIGA (ISBN, IZDAVAC, GODINA_IZDANJA, LIT_ID) VALUES ('5678901234567', 'Addison-Wesley Professional', '1994', 'LIT05'); 

INSERT INTO KNJIGA (ISBN, IZDAVAC, GODINA_IZDANJA, LIT_ID) VALUES ('6789012345678', 'Pearson', '2016', 'LIT06'); 

INSERT INTO KNJIGA (ISBN, IZDAVAC, GODINA_IZDANJA, LIT_ID) VALUES ('7890123456789', 'Wiley', '2018', 'LIT07'); 

INSERT INTO KNJIGA (ISBN, IZDAVAC, GODINA_IZDANJA, LIT_ID) VALUES ('8901234567890', 'Pearson', '2020', 'LIT08'); 

INSERT INTO KNJIGA (ISBN, IZDAVAC, GODINA_IZDANJA, LIT_ID) VALUES ('9012345678901', 'Addison-Wesley Professional', '1986', 'LIT09'); 

INSERT INTO KNJIGA (ISBN, IZDAVAC, GODINA_IZDANJA, LIT_ID) VALUES ('0123456789012', 'Pearson', '2002', 'LIT10'); 

 

--PODACI ZA CLANKE U CASOPISIMA 
INSERT INTO CLANAK_U_CASOPISU (ISSN, IME_CASOPISA, BROJ, GODINA, LIT_ID) VALUES ('1234-5678', 'Journal of Computer Science', 5, 2023, 'LIT11'); 

INSERT INTO CLANAK_U_CASOPISU (ISSN, IME_CASOPISA, BROJ, GODINA, LIT_ID) VALUES ('2345-6789', 'Big Data Analytics Review', 3, 2022, 'LIT12'); 

INSERT INTO CLANAK_U_CASOPISU (ISSN, IME_CASOPISA, BROJ, GODINA, LIT_ID) VALUES ('3456-7890', 'Web Search and Mining Journal', 2, 2021, 'LIT13'); 

INSERT INTO CLANAK_U_CASOPISU (ISSN, IME_CASOPISA, BROJ, GODINA, LIT_ID) VALUES ('4567-8901', 'Cryptocurrency Today', 4, 2020, 'LIT14'); 

INSERT INTO CLANAK_U_CASOPISU (ISSN, IME_CASOPISA, BROJ, GODINA, LIT_ID) VALUES ('5678-9012', 'Blockchain Innovations', 1, 2019, 'LIT15'); 

INSERT INTO CLANAK_U_CASOPISU (ISSN, IME_CASOPISA, BROJ, GODINA, LIT_ID) VALUES ('6789-0123', 'Smart Contracts Monthly', 6, 2018, 'LIT16'); 

INSERT INTO CLANAK_U_CASOPISU (ISSN, IME_CASOPISA, BROJ, GODINA, LIT_ID) VALUES ('7890-1234', 'Neural Networks Journal', 8, 2017, 'LIT17'); 

INSERT INTO CLANAK_U_CASOPISU (ISSN, IME_CASOPISA, BROJ, GODINA, LIT_ID) VALUES ('8901-2345', 'AI Review', 7, 2016, 'LIT18'); 

INSERT INTO CLANAK_U_CASOPISU (ISSN, IME_CASOPISA, BROJ, GODINA, LIT_ID) VALUES ('9012-3456', 'RL Journal', 10, 2015, 'LIT19'); 

INSERT INTO CLANAK_U_CASOPISU (ISSN, IME_CASOPISA, BROJ, GODINA, LIT_ID) VALUES ('0123-4567', 'Machine Learning Monthly', 9, 2014, 'LIT20'); 
 
--PODACI ZA RADOVE 
INSERT INTO RAD (ID, URL, KONFERENCIJA_OBJAVLJIVANJA, FORMAT, LIT_ID)  

VALUES ('RAD21', 'http://www.conferenceproceedings.org/attention_paper.pdf', 'NIPS 2017', 'pdf', 'LIT21'); 

INSERT INTO RAD (ID, URL, KONFERENCIJA_OBJAVLJIVANJA, FORMAT, LIT_ID)  

VALUES ('RAD22', 'http://www.researchjournal.org/bert_paper.docx', 'ACL 2019', 'word', 'LIT22'); 

INSERT INTO RAD (ID, URL, KONFERENCIJA_OBJAVLJIVANJA, FORMAT, LIT_ID)  

VALUES ('RAD23', 'http://www.academicconferencepapers.com/neural_translation.pdf', 'EMNLP 2014', 'pdf', 'LIT23'); 

INSERT INTO RAD (ID, URL, KONFERENCIJA_OBJAVLJIVANJA, FORMAT, LIT_ID)  

VALUES ('RAD24', 'http://www.computersciencemagazine.org/gpt2_paper.ps', 'ICML 2020', 'post-script', 'LIT24'); 

INSERT INTO RAD (ID, URL, KONFERENCIJA_OBJAVLJIVANJA, FORMAT, LIT_ID)  

VALUES ('RAD25', 'http://www.graphconference.net/graph_attention.pdf', 'AAAI 2018', 'pdf', 'LIT25'); 

INSERT INTO RAD (ID, URL, KONFERENCIJA_OBJAVLJIVANJA, FORMAT, LIT_ID)  

VALUES ('RAD26', 'http://www.objectdetectionjournal.com/efficientdet_paper.pdf', 'CVPR 2020', 'pdf', 'LIT26'); 

INSERT INTO RAD (ID, URL, KONFERENCIJA_OBJAVLJIVANJA, FORMAT, LIT_ID)  

VALUES ('RAD27', 'http://www.eccvconference.org/yolov4_paper.docx', 'ECCV 2020', 'word', 'LIT27'); 

INSERT INTO RAD (ID, URL, KONFERENCIJA_OBJAVLJIVANJA, FORMAT, LIT_ID)  

VALUES ('RAD28', 'http://www.iclrconference.org/graph_convolutional_networks.pdf', 'ICLR 2017', 'pdf', 'LIT28'); 

INSERT INTO RAD (ID, URL, KONFERENCIJA_OBJAVLJIVANJA, FORMAT, LIT_ID)  

VALUES ('RAD29', 'http://www.securityconference.net/adversarial_toolbox.ps', 'NeurIPS 2019', 'post-script', 'LIT29'); 

INSERT INTO RAD (ID, URL, KONFERENCIJA_OBJAVLJIVANJA, FORMAT, LIT_ID)  

VALUES ('RAD30', 'http://www.selfsupervisedlearningjournal.com/self_supervised_learning.pdf', 'ICML 2021', 'pdf', 'LIT30'); 
 
--PODACI ZA SADRZI  

INSERT INTO SADRZI (TPROJ_ID, LIT_ID) VALUES (1, 'LIT10'); 

INSERT INTO SADRZI (TPROJ_ID, LIT_ID) VALUES (2, 'LIT10'); 

INSERT INTO SADRZI (TPROJ_ID, LIT_ID) VALUES (2, 'LIT09'); 

INSERT INTO SADRZI (TPROJ_ID, LIT_ID) VALUES (3, 'LIT01'); 

INSERT INTO SADRZI (TPROJ_ID, LIT_ID) VALUES (3, 'LIT03'); 

INSERT INTO SADRZI (TPROJ_ID, LIT_ID) VALUES (4, 'LIT10'); 

INSERT INTO SADRZI (TPROJ_ID, LIT_ID) VALUES (5, 'LIT10'); 

INSERT INTO SADRZI (TPROJ_ID, LIT_ID) VALUES (5, 'LIT19'); 

INSERT INTO SADRZI (TPROJ_ID, LIT_ID) VALUES (6, 'LIT07'); 

INSERT INTO SADRZI (TPROJ_ID, LIT_ID) VALUES (7, 'LIT17'); 

INSERT INTO SADRZI (TPROJ_ID, LIT_ID) VALUES (7, 'LIT18'); 

INSERT INTO SADRZI (TPROJ_ID, LIT_ID) VALUES (8, 'LIT04'); 

INSERT INTO SADRZI (TPROJ_ID, LIT_ID) VALUES (9, 'LIT05'); 

INSERT INTO SADRZI (TPROJ_ID, LIT_ID) VALUES (9, 'LIT30'); 

INSERT INTO SADRZI (TPROJ_ID, LIT_ID) VALUES (10, 'LIT06'); 

INSERT INTO SADRZI (TPROJ_ID, LIT_ID) VALUES (11, 'LIT15'); 

INSERT INTO SADRZI (TPROJ_ID, LIT_ID) VALUES (12, 'LIT17'); 

INSERT INTO SADRZI (TPROJ_ID, LIT_ID) VALUES (12, 'LIT19'); 

INSERT INTO SADRZI (TPROJ_ID, LIT_ID) VALUES (13, 'LIT08'); 

INSERT INTO SADRZI (TPROJ_ID, LIT_ID) VALUES (14, 'LIT06'); 

INSERT INTO SADRZI (TPROJ_ID, LIT_ID) VALUES (14, 'LIT26'); 

INSERT INTO SADRZI (TPROJ_ID, LIT_ID) VALUES (15, 'LIT10'); 

INSERT INTO SADRZI (TPROJ_ID, LIT_ID) VALUES (15, 'LIT25'); 

INSERT INTO SADRZI (TPROJ_ID, LIT_ID) VALUES (16, 'LIT11'); 

INSERT INTO SADRZI (TPROJ_ID, LIT_ID) VALUES (17, 'LIT10'); 

INSERT INTO SADRZI (TPROJ_ID, LIT_ID) VALUES (17, 'LIT25'); 

INSERT INTO SADRZI (TPROJ_ID, LIT_ID) VALUES (18, 'LIT01'); 

INSERT INTO SADRZI (TPROJ_ID, LIT_ID) VALUES (19, 'LIT29'); 

INSERT INTO SADRZI (TPROJ_ID, LIT_ID) VALUES (19, 'LIT07'); 

INSERT INTO SADRZI (TPROJ_ID, LIT_ID) VALUES (20, 'LIT01'); 

 
--PODACI ZA UCESTVUJE 

INSERT INTO UCESTVUJE (PROJEKAT_ID, STUDENT_ID, DATUM_POCETKA_IZRADE, DATUM_ZAVRSETKA, ROK_ZA_ZAVRSETAK, PROJEKAT_ZAVRSEN, ODABRAN_PROG_JEZIK, URL_DOKUMENTACIJE_PROG_JEZIKA, DOPUNSKA_LITERATURA)  

VALUES (1, '18001', '01-FEB-2024', NULL, '15-MAY-2024', 'ne', NULL, NULL, 'Database Systems: Design, Implementation and Management'); 

  

INSERT INTO UCESTVUJE (PROJEKAT_ID, STUDENT_ID, DATUM_POCETKA_IZRADE, DATUM_ZAVRSETKA, ROK_ZA_ZAVRSETAK, PROJEKAT_ZAVRSEN, ODABRAN_PROG_JEZIK, URL_DOKUMENTACIJE_PROG_JEZIKA, DOPUNSKA_LITERATURA)  

VALUES (1, '18002',  '01-FEB-2024', NULL, '15-MAY-2024', 'ne', NULL, NULL, 'SQL Performance Explained'); 

  

INSERT INTO UCESTVUJE (PROJEKAT_ID, STUDENT_ID, DATUM_POCETKA_IZRADE, DATUM_ZAVRSETKA, ROK_ZA_ZAVRSETAK, PROJEKAT_ZAVRSEN, ODABRAN_PROG_JEZIK, URL_DOKUMENTACIJE_PROG_JEZIKA, DOPUNSKA_LITERATURA)  

VALUES (1, '18003',  '01-FEB-2024', NULL, '15-MAY-2024', 'ne', NULL, NULL, 'SQL Performance Explained'); 

  

INSERT INTO UCESTVUJE (PROJEKAT_ID, STUDENT_ID, DATUM_POCETKA_IZRADE, DATUM_ZAVRSETKA, ROK_ZA_ZAVRSETAK, PROJEKAT_ZAVRSEN, ODABRAN_PROG_JEZIK, URL_DOKUMENTACIJE_PROG_JEZIKA, DOPUNSKA_LITERATURA)  

VALUES (1, '18004',  '01-FEB-2024', NULL, '15-MAY-2024', 'ne', NULL, NULL, 'Database Systems: Design, Implementation and Management'); 

  

INSERT INTO UCESTVUJE (PROJEKAT_ID, STUDENT_ID, DATUM_POCETKA_IZRADE, DATUM_ZAVRSETKA, ROK_ZA_ZAVRSETAK, PROJEKAT_ZAVRSEN, ODABRAN_PROG_JEZIK, URL_DOKUMENTACIJE_PROG_JEZIKA, DOPUNSKA_LITERATURA)  

VALUES (2, '18005', '01-FEB-2024', NULL, '15-MAY-2024', 'ne', NULL, NULL, 'Database Security and Auditing: Protecting Data Integrity and Accessibility'); 

  

INSERT INTO UCESTVUJE (PROJEKAT_ID, STUDENT_ID, DATUM_POCETKA_IZRADE, DATUM_ZAVRSETKA, ROK_ZA_ZAVRSETAK, PROJEKAT_ZAVRSEN, ODABRAN_PROG_JEZIK, URL_DOKUMENTACIJE_PROG_JEZIKA, DOPUNSKA_LITERATURA)  

VALUES (2, '18006','01-FEB-2024', NULL, '15-MAY-2024', 'ne', NULL, NULL, NULL); 

  

INSERT INTO UCESTVUJE (PROJEKAT_ID, STUDENT_ID, DATUM_POCETKA_IZRADE, DATUM_ZAVRSETKA, ROK_ZA_ZAVRSETAK, PROJEKAT_ZAVRSEN, ODABRAN_PROG_JEZIK, URL_DOKUMENTACIJE_PROG_JEZIKA, DOPUNSKA_LITERATURA)  

VALUES (3, '18007', '05-MAR-2024', NULL, '14-MAY-2024', 'ne', NULL, NULL, null); 

  

INSERT INTO UCESTVUJE (PROJEKAT_ID, STUDENT_ID, DATUM_POCETKA_IZRADE, DATUM_ZAVRSETKA, ROK_ZA_ZAVRSETAK, PROJEKAT_ZAVRSEN, ODABRAN_PROG_JEZIK, URL_DOKUMENTACIJE_PROG_JEZIKA, DOPUNSKA_LITERATURA)  

VALUES (3, '18008', '05-MAR-2024', NULL, '14-MAY-2024', 'ne', NULL, NULL, null); 

  

INSERT INTO UCESTVUJE (PROJEKAT_ID, STUDENT_ID, DATUM_POCETKA_IZRADE, DATUM_ZAVRSETKA, ROK_ZA_ZAVRSETAK, PROJEKAT_ZAVRSEN, ODABRAN_PROG_JEZIK, URL_DOKUMENTACIJE_PROG_JEZIKA, DOPUNSKA_LITERATURA)  

VALUES (4, '18009', '01-FEB-2023', '30-may-2023', '01-jun-2023', 'da', NULL, NULL, 'Computer Networking: A Top-Down Approach'); 

  

INSERT INTO UCESTVUJE (PROJEKAT_ID, STUDENT_ID, DATUM_POCETKA_IZRADE, DATUM_ZAVRSETKA, ROK_ZA_ZAVRSETAK, PROJEKAT_ZAVRSEN, ODABRAN_PROG_JEZIK, URL_DOKUMENTACIJE_PROG_JEZIKA, DOPUNSKA_LITERATURA)  

VALUES (4, '18010', '01-FEB-2023', '25-may-2023', '01-jun-2023', 'da', NULL, NULL, 'Computer Networking: A Top-Down Approach'); 

  

INSERT INTO UCESTVUJE (PROJEKAT_ID, STUDENT_ID, DATUM_POCETKA_IZRADE, DATUM_ZAVRSETKA, ROK_ZA_ZAVRSETAK, PROJEKAT_ZAVRSEN, ODABRAN_PROG_JEZIK, URL_DOKUMENTACIJE_PROG_JEZIKA, DOPUNSKA_LITERATURA)  

VALUES (4, '18011', '01-FEB-2023', '01-jun-2023', '01-jun-2023', 'da', NULL, NULL, null); 

  

INSERT INTO UCESTVUJE (PROJEKAT_ID, STUDENT_ID, DATUM_POCETKA_IZRADE, DATUM_ZAVRSETKA, ROK_ZA_ZAVRSETAK, PROJEKAT_ZAVRSEN, ODABRAN_PROG_JEZIK, URL_DOKUMENTACIJE_PROG_JEZIKA, DOPUNSKA_LITERATURA)  

VALUES (4, '18012', '01-FEB-2023', '01-jun-2023', '01-jun-2023', 'da', NULL, NULL, null); 

  

INSERT INTO UCESTVUJE (PROJEKAT_ID, STUDENT_ID, DATUM_POCETKA_IZRADE, DATUM_ZAVRSETKA, ROK_ZA_ZAVRSETAK, PROJEKAT_ZAVRSEN, ODABRAN_PROG_JEZIK, URL_DOKUMENTACIJE_PROG_JEZIKA, DOPUNSKA_LITERATURA)  

VALUES (4, '18013', '01-FEB-2023', '20-may-2023', '01-jun-2023', 'da', NULL, NULL, null); 

  

INSERT INTO UCESTVUJE (PROJEKAT_ID, STUDENT_ID, DATUM_POCETKA_IZRADE, DATUM_ZAVRSETKA, ROK_ZA_ZAVRSETAK, PROJEKAT_ZAVRSEN, ODABRAN_PROG_JEZIK, URL_DOKUMENTACIJE_PROG_JEZIKA, DOPUNSKA_LITERATURA)  

VALUES (4, '18014', '01-FEB-2023', null, '19-JUL-2024', 'ne', NULL, NULL, null); 

  

INSERT INTO UCESTVUJE (PROJEKAT_ID, STUDENT_ID, DATUM_POCETKA_IZRADE, DATUM_ZAVRSETKA, ROK_ZA_ZAVRSETAK, PROJEKAT_ZAVRSEN, ODABRAN_PROG_JEZIK, URL_DOKUMENTACIJE_PROG_JEZIKA, DOPUNSKA_LITERATURA)  

VALUES (5, '18015', '10-APR-2024', '30-apr-2024', '10-may-2024', 'da', NULL, NULL, 'Database Management Systems'); 

  

INSERT INTO UCESTVUJE (PROJEKAT_ID, STUDENT_ID, DATUM_POCETKA_IZRADE, DATUM_ZAVRSETKA, ROK_ZA_ZAVRSETAK, PROJEKAT_ZAVRSEN, ODABRAN_PROG_JEZIK, URL_DOKUMENTACIJE_PROG_JEZIKA, DOPUNSKA_LITERATURA)  

VALUES (5, '18016', '10-APR-2024', '30-apr-2024', '10-may-2024', 'da', NULL, NULL, 'Database Management Systems'); 

 

INSERT INTO UCESTVUJE (PROJEKAT_ID, STUDENT_ID, DATUM_POCETKA_IZRADE, DATUM_ZAVRSETKA, ROK_ZA_ZAVRSETAK, PROJEKAT_ZAVRSEN, ODABRAN_PROG_JEZIK, URL_DOKUMENTACIJE_PROG_JEZIKA, DOPUNSKA_LITERATURA)  

VALUES (21, '18021', '01-FEB-2024', NULL, '15-MAY-2024', 'ne', 'Python', 'https://docs.python.org/3/', NULL); 

  

INSERT INTO UCESTVUJE (PROJEKAT_ID, STUDENT_ID, DATUM_POCETKA_IZRADE, DATUM_ZAVRSETKA, ROK_ZA_ZAVRSETAK, PROJEKAT_ZAVRSEN, ODABRAN_PROG_JEZIK, URL_DOKUMENTACIJE_PROG_JEZIKA, DOPUNSKA_LITERATURA)  

VALUES (21, '18022', '01-FEB-2024', NULL, '15-MAY-2024', 'ne', 'Python', 'https://docs.python.org/3/', NULL); 

  

INSERT INTO UCESTVUJE (PROJEKAT_ID, STUDENT_ID, DATUM_POCETKA_IZRADE, DATUM_ZAVRSETKA, ROK_ZA_ZAVRSETAK, PROJEKAT_ZAVRSEN, ODABRAN_PROG_JEZIK, URL_DOKUMENTACIJE_PROG_JEZIKA, DOPUNSKA_LITERATURA)  

VALUES (23, '18023', '10-FEB-2024', NULL, '25-MAY-2024', 'ne', 'C/C++', 'https://en.cppreference.com/w/', NULL); 

  

INSERT INTO UCESTVUJE (PROJEKAT_ID, STUDENT_ID, DATUM_POCETKA_IZRADE, DATUM_ZAVRSETKA, ROK_ZA_ZAVRSETAK, PROJEKAT_ZAVRSEN, ODABRAN_PROG_JEZIK, URL_DOKUMENTACIJE_PROG_JEZIKA, DOPUNSKA_LITERATURA)  

VALUES (23, '18024', '10-FEB-2024', NULL, '25-MAY-2024', 'ne', 'Python', 'https://docs.python.org/3/', NULL); 

  

INSERT INTO UCESTVUJE (PROJEKAT_ID, STUDENT_ID, DATUM_POCETKA_IZRADE, DATUM_ZAVRSETKA, ROK_ZA_ZAVRSETAK, PROJEKAT_ZAVRSEN, ODABRAN_PROG_JEZIK, URL_DOKUMENTACIJE_PROG_JEZIKA, DOPUNSKA_LITERATURA)  

VALUES (23, '18025', '10-FEB-2024', NULL, '25-may-2024', 'ne', 'Python', 'https://docs.python.org/3/', NULL); 

 

 

INSERT INTO UCESTVUJE (PROJEKAT_ID, STUDENT_ID, DATUM_POCETKA_IZRADE, DATUM_ZAVRSETKA, ROK_ZA_ZAVRSETAK, PROJEKAT_ZAVRSEN, ODABRAN_PROG_JEZIK, URL_DOKUMENTACIJE_PROG_JEZIKA, DOPUNSKA_LITERATURA)  

VALUES (22, '18006', '25-FEB-2024', NULL, '09-JUN-2024', 'ne', 'Python', 'https://docs.python.org/3/', NULL); 

  

INSERT INTO UCESTVUJE (PROJEKAT_ID, STUDENT_ID, DATUM_POCETKA_IZRADE, DATUM_ZAVRSETKA, ROK_ZA_ZAVRSETAK, PROJEKAT_ZAVRSEN, ODABRAN_PROG_JEZIK, URL_DOKUMENTACIJE_PROG_JEZIKA, DOPUNSKA_LITERATURA)  

VALUES (22, '18007', '01-MAR-2023', '31-MAR-2023', '10-JUN-2024', 'da', 'C/C++', 'https://en.cppreference.com/w/', NULL); 

  

INSERT INTO UCESTVUJE (PROJEKAT_ID, STUDENT_ID, DATUM_POCETKA_IZRADE, DATUM_ZAVRSETKA, ROK_ZA_ZAVRSETAK, PROJEKAT_ZAVRSEN, ODABRAN_PROG_JEZIK, URL_DOKUMENTACIJE_PROG_JEZIKA, DOPUNSKA_LITERATURA)  

VALUES (22, '18008', '01-MAR-2023', '15-may-2023', '10-JUN-2024', 'da', 'Java', 'https://docs.oracle.com/en/java/javase/15/docs/api/index.html', NULL); 

  

INSERT INTO UCESTVUJE (PROJEKAT_ID, STUDENT_ID, DATUM_POCETKA_IZRADE, DATUM_ZAVRSETKA, ROK_ZA_ZAVRSETAK, PROJEKAT_ZAVRSEN, ODABRAN_PROG_JEZIK, URL_DOKUMENTACIJE_PROG_JEZIKA, DOPUNSKA_LITERATURA)  

VALUES (22, '18009', '05-MAR-2024', '25-may-2023', '10-JUN-2024', 'da', 'Java', 'https://docs.oracle.com/en/java/javase/15/docs/api/index.html', NULL); 
 

--PODACI ZA PREDAO 

INSERT INTO PREDAO (IZVESTAJ_ID, STUDENT_ID, PROJEKAT_ID, BROJ_IZVESTAJA) VALUES (0, '18021', 21, 1); 

INSERT INTO PREDAO (IZVESTAJ_ID, STUDENT_ID, PROJEKAT_ID, BROJ_IZVESTAJA) VALUES (16, '18007', 22, 1); 

INSERT INTO PREDAO (IZVESTAJ_ID, STUDENT_ID, PROJEKAT_ID, BROJ_IZVESTAJA) VALUES (8, '18008', 22, 1); 

INSERT INTO PREDAO (IZVESTAJ_ID, STUDENT_ID, PROJEKAT_ID, BROJ_IZVESTAJA) VALUES (1, '18009', 22, 1); 

INSERT INTO PREDAO (IZVESTAJ_ID, STUDENT_ID, PROJEKAT_ID, BROJ_IZVESTAJA) VALUES (2, '18023', 23, 2); 

INSERT INTO PREDAO (IZVESTAJ_ID, STUDENT_ID, PROJEKAT_ID, BROJ_IZVESTAJA) VALUES (19, '18024', 23, 2); 